{
    "spectrum_bin_110": 0.4463544508040002,
    "spectrum_bin_135": 0.5717452905803692,
    "spectrum_bin_136": 0.7255256570701569,
    "spectrum_bin_143": 0.1481721686612521,
    "spectrum_bin_152": 0.2611093738706932,
    "spectrum_bin_166": 0.1645563823437463,
    "spectrum_bin_170": 0.1601698470195987,
    "spectrum_bin_171": 0.2722099171054523,
    "spectrum_bin_172": 0.1752504517451231,
    "spectrum_bin_198": 0.2665049903189366,
    "spectrum_bin_204": 0.072700613015605,
    "spectrum_bin_205": 0.0488864564177543,
    "spectrum_bin_209": 0.1006972737273576,
    "spectrum_bin_210": 0.1192551236412127,
    "spectrum_bin_211": 0.0726028291377466,
    "spectrum_bin_219": 0.1791801137457445,
    "spectrum_bin_263": 0.5531184976113027,
    "spectrum_bin_268": 0.2670584070089232,
    "spectrum_bin_277": 0.2003458407902127,
    "spectrum_bin_290": 0.2335420806579615,
    "spectrum_bin_361": 0.2561707035801855,
    "spectrum_bin_362": 0.2102482078759094,
    "spectrum_bin_433": 0.6214756904948043,
    "spectrum_bin_465": 0.028115224778299,
    "spectrum_bin_490": 0.1687186784462699,
    "spectrum_bin_506": 0.3040700796186241,
    "spectrum_bin_537": 0.1577031637606269,
    "spectrum_bin_666": 0.0778761802163848,
    "spectrum_bin_798": 0.2490217265079918,
    "spectrum_bin_813": 1.1576244871527843,
    "spectrum_bin_814": 1.1814501162603743,
    "spectrum_bin_815": 0.7435930938402499,
    "spectrum_bin_833": 1.224747441473414,
    "spectrum_bin_840": 0.0850899763707967,
    "spectrum_bin_841": 0.184502757608371,
    "spectrum_bin_842": 0.1755195373884201,
    "spectrum_bin_876": 0.2500007036982514,
    "spectrum_bin_877": 0.2173145143928439,
    "spectrum_bin_878": 0.1484859912801041,
    "spectrum_bin_897": 0.0924476892275385,
    "spectrum_bin_918": 0.3265497480899881,
    "spectrum_bin_923": 1.4356600373464132,
    "spectrum_bin_937": 0.2013850319321017,
    "spectrum_bin_968": 0.2910313907818742,
    "spectrum_bin_1014": 1.2073548129166716,
    "spectrum_bin_1025": 0.1873052102068877,
    "spectrum_bin_1041": 0.1036173821802274,
    "spectrum_bin_1188": 0.1323472293239143,
    "spectrum_bin_1200": 0.2474308033798941,
    "spectrum_bin_1213": 0.0105693492595357,
    "spectrum_bin_1214": 0.0158208431290156,
    "spectrum_bin_1225": 0.0555724645090894,
    "spectrum_bin_1250": 0.056356905794461,
    "spectrum_bin_1253": 0.4508972739712538,
    "spectrum_bin_1254": 0.5070086278319864,
    "spectrum_bin_1255": 0.3248100686681806,
    "spectrum_bin_1317": 0.2163592069915203,
    "spectrum_bin_1388": 0.0973428016887401,
    "spectrum_bin_1457": 0.0864451267126779,
    "spectrum_bin_1569": 0.1551683873126725,
    "spectrum_bin_1599": 0.2347363091150539,
    "spectrum_bin_1600": 0.1902962045108557,
    "spectrum_bin_1611": 0.5517374133832366,
    "spectrum_bin_1612": 0.7274316673819587,
    "spectrum_bin_1613": 0.589452152160482,
    "spectrum_bin_1614": 0.3751143889006579,
    "spectrum_bin_1673": 0.252714525687654,
    "spectrum_bin_1674": 0.2080990761818507,
    "spectrum_bin_1687": 0.3306417740541311,
    "spectrum_bin_1912": 1.0506491431036922,
    "spectrum_bin_1932": 0.3046522783706898,
    "spectrum_bin_1933": 0.3770615229096362,
    "spectrum_bin_1935": 0.3079239593261095,
    "spectrum_bin_2108": 0.28348635309814,
    "spectrum_bin_2158": 0.0518643445443679,
    "spectrum_bin_2217": 0.0149459585183983,
    "spectrum_bin_2420": 0.0599172299531766,
    "spectrum_bin_2422": 0.0201392192414994,
    "spectrum_bin_2550": 0.1716447280831796,
    "spectrum_bin_2596": 0.113359278591256,
    "spectrum_bin_2681": 0.0424580229458744,
    "spectrum_bin_2692": 0.8112390214236257,
    "spectrum_bin_2693": 0.8789610470202116,
    "spectrum_bin_2944": 0.0647625394995005,
    "spectrum_bin_3039": 0.0216680813430629,
    "spectrum_bin_3040": 0.0300181423633063,
    "spectrum_bin_3041": 0.0465813895987066,
    "spectrum_bin_3065": 0.0546768511275527,
    "spectrum_bin_3067": 0.0067063758415095,
    "spectrum_bin_3299": 0.0633941844165921,
    "spectrum_bin_3300": 0.0951361982391744,
    "spectrum_bin_3307": 0.0816470417554995,
    "spectrum_bin_3578": 0.1110989109572949,
    "spectrum_bin_3601": 0.0363996126576998,
    "spectrum_bin_4534": 0.1246297684845124,
    "spectrum_bin_4840": 0.0381645138122355
}