{
    "spectrum_bin_110": 0.3469814924749155,
    "spectrum_bin_135": 0.4501601710740595,
    "spectrum_bin_136": 0.3460163947309919,
    "spectrum_bin_143": 1.2512754031899216,
    "spectrum_bin_152": 1.6894267664406988,
    "spectrum_bin_166": 1.099685065903888,
    "spectrum_bin_170": 1.023823748985178,
    "spectrum_bin_171": 1.2796314668554127,
    "spectrum_bin_172": 0.8744113678752692,
    "spectrum_bin_198": 1.1809018128498283,
    "spectrum_bin_204": 1.4941984397269792,
    "spectrum_bin_205": 1.4655618714157803,
    "spectrum_bin_209": 0.3730684173741596,
    "spectrum_bin_210": 0.8907032336887011,
    "spectrum_bin_211": 1.0306659640005529,
    "spectrum_bin_219": 0.5612496846794889,
    "spectrum_bin_263": 0.6733771371713163,
    "spectrum_bin_268": 0.3322902113926124,
    "spectrum_bin_277": 0.7647469073704006,
    "spectrum_bin_290": 0.1559623838161963,
    "spectrum_bin_361": 0.1933448291211849,
    "spectrum_bin_362": 0.6370985848302704,
    "spectrum_bin_433": 0.2200024453870445,
    "spectrum_bin_465": 0.0714256346209434,
    "spectrum_bin_490": 0.3102123841128695,
    "spectrum_bin_506": 0.2068231509089384,
    "spectrum_bin_537": 0.2517227680939223,
    "spectrum_bin_666": 0.0936329434327897,
    "spectrum_bin_798": 0.2089584476501834,
    "spectrum_bin_813": 1.1187758525805307,
    "spectrum_bin_814": 1.2896469529094463,
    "spectrum_bin_815": 0.8836226041932393,
    "spectrum_bin_833": 1.2717011426255735,
    "spectrum_bin_840": 0.2152335311202597,
    "spectrum_bin_841": 0.066905628586149,
    "spectrum_bin_842": 0.043303302503046,
    "spectrum_bin_876": 0.2217674897436098,
    "spectrum_bin_877": 0.2076226253455785,
    "spectrum_bin_878": 0.0582058926276919,
    "spectrum_bin_897": 0.0498378567222874,
    "spectrum_bin_918": 0.2725034545362821,
    "spectrum_bin_923": 1.1412759069186058,
    "spectrum_bin_937": 0.1823320930104485,
    "spectrum_bin_968": 0.0579020409927673,
    "spectrum_bin_1014": 1.3146033463915918,
    "spectrum_bin_1025": 0.1595295438982671,
    "spectrum_bin_1041": 0.1328251850256895,
    "spectrum_bin_1188": 0.1293880876226414,
    "spectrum_bin_1200": 0.2550962109876779,
    "spectrum_bin_1213": 0.1644523747403751,
    "spectrum_bin_1214": 0.0148145444224723,
    "spectrum_bin_1225": 0.1445544827954649,
    "spectrum_bin_1250": 0.1664306575614141,
    "spectrum_bin_1253": 0.3450663814693009,
    "spectrum_bin_1254": 0.515881163549453,
    "spectrum_bin_1255": 0.6180614727687852,
    "spectrum_bin_1317": 0.2571012691710723,
    "spectrum_bin_1388": 0.005154159387453,
    "spectrum_bin_1457": 0.2241112427477892,
    "spectrum_bin_1569": 0.058957446337778,
    "spectrum_bin_1599": 0.1094219979448017,
    "spectrum_bin_1600": 0.0268595104106589,
    "spectrum_bin_1611": 0.4699830204744387,
    "spectrum_bin_1612": 0.6205690962691373,
    "spectrum_bin_1613": 0.5986117048274341,
    "spectrum_bin_1614": 0.3566491276761755,
    "spectrum_bin_1673": 0.0440395400687338,
    "spectrum_bin_1674": 0.0579919369671338,
    "spectrum_bin_1687": 0.0825780834116966,
    "spectrum_bin_1912": 0.3383682245582483,
    "spectrum_bin_1932": 0.0384091195220114,
    "spectrum_bin_1933": 0.0429064098474156,
    "spectrum_bin_1935": 0.081793916193105,
    "spectrum_bin_2108": 0.0836847944993696,
    "spectrum_bin_2158": 0.074820021389083,
    "spectrum_bin_2217": 0.2280478398375861,
    "spectrum_bin_2420": 0.1005388562190201,
    "spectrum_bin_2422": 0.021404338439747,
    "spectrum_bin_2550": 0.0911077700321643,
    "spectrum_bin_2596": 0.1250100386581708,
    "spectrum_bin_2681": 0.2271241769257492,
    "spectrum_bin_2692": 0.495794143258482,
    "spectrum_bin_2693": 0.8473910469181754,
    "spectrum_bin_2944": 0.1417699583734483,
    "spectrum_bin_3039": 0.0302823146425433,
    "spectrum_bin_3040": 0.0036433079590123,
    "spectrum_bin_3041": 0.0150286462278056,
    "spectrum_bin_3065": 0.1204458230363623,
    "spectrum_bin_3067": 0.1180782115005961,
    "spectrum_bin_3299": 0.1438529565748053,
    "spectrum_bin_3300": 0.0856464664271901,
    "spectrum_bin_3307": 0.0308601226536372,
    "spectrum_bin_3578": 0.095752900149209,
    "spectrum_bin_3601": 0.0915594128799461,
    "spectrum_bin_4534": 0.0458611404219228,
    "spectrum_bin_4840": 0.0566600452889463
}