{
    "spectrum_bin_110": 0.6203940166573093,
    "spectrum_bin_135": 0.6622963662981358,
    "spectrum_bin_136": 1.5453034989552668,
    "spectrum_bin_143": 0.246373287318589,
    "spectrum_bin_152": 0.1456730165594988,
    "spectrum_bin_166": 0.2071056550032917,
    "spectrum_bin_170": 0.8244483896585818,
    "spectrum_bin_171": 0.6058215379641616,
    "spectrum_bin_172": 0.0865109182234354,
    "spectrum_bin_198": 0.1606253975805802,
    "spectrum_bin_204": 0.6444720796748322,
    "spectrum_bin_205": 0.2673814903424609,
    "spectrum_bin_209": 0.2334757781356307,
    "spectrum_bin_210": 0.6079933519609304,
    "spectrum_bin_211": 0.7863094632401234,
    "spectrum_bin_219": 0.0842820057394035,
    "spectrum_bin_263": 0.8182187810736876,
    "spectrum_bin_268": 0.1560161903526711,
    "spectrum_bin_277": 0.0890669208211412,
    "spectrum_bin_290": 0.1377315725746003,
    "spectrum_bin_361": 0.2051447103193444,
    "spectrum_bin_362": 0.1848032744739339,
    "spectrum_bin_433": 0.5653731653456565,
    "spectrum_bin_465": 0.0326138984909382,
    "spectrum_bin_490": 0.1371377289451468,
    "spectrum_bin_506": 0.2122876526749237,
    "spectrum_bin_537": 0.1412574440539904,
    "spectrum_bin_666": 0.0156751505993073,
    "spectrum_bin_798": 0.1329440303509202,
    "spectrum_bin_813": 1.536175593182759,
    "spectrum_bin_814": 1.5707932064734025,
    "spectrum_bin_815": 0.9556967787598868,
    "spectrum_bin_833": 1.6009722605701004,
    "spectrum_bin_840": 0.1662265259659689,
    "spectrum_bin_841": 0.1083539601333501,
    "spectrum_bin_842": 0.0936544853462816,
    "spectrum_bin_876": 0.0140871565552436,
    "spectrum_bin_877": 0.0422197897132366,
    "spectrum_bin_878": 0.1762629509603003,
    "spectrum_bin_897": 0.0995374028614996,
    "spectrum_bin_918": 0.473457556726879,
    "spectrum_bin_923": 1.6388830481010097,
    "spectrum_bin_937": 0.0672408111651367,
    "spectrum_bin_968": 0.2968728691206619,
    "spectrum_bin_1014": 1.336098544446434,
    "spectrum_bin_1025": 0.2336688628343871,
    "spectrum_bin_1041": 0.2865904366124803,
    "spectrum_bin_1188": 0.0083209711392715,
    "spectrum_bin_1200": 0.2298095774756704,
    "spectrum_bin_1213": 1.87827069798016,
    "spectrum_bin_1214": 1.842064475233788,
    "spectrum_bin_1225": 0.1633477039216111,
    "spectrum_bin_1250": 0.0420627460389054,
    "spectrum_bin_1253": 0.3360170892600799,
    "spectrum_bin_1254": 0.3548411844526976,
    "spectrum_bin_1255": 0.5110319043226537,
    "spectrum_bin_1317": 0.484479297424693,
    "spectrum_bin_1388": 0.0249608247289007,
    "spectrum_bin_1457": 0.2868083529834911,
    "spectrum_bin_1569": 0.0227598164417031,
    "spectrum_bin_1599": 0.0126351226327123,
    "spectrum_bin_1600": 0.0758556955911743,
    "spectrum_bin_1611": 0.6340747252533513,
    "spectrum_bin_1612": 0.7417123254952102,
    "spectrum_bin_1613": 0.6133825298586857,
    "spectrum_bin_1614": 0.6539011617417784,
    "spectrum_bin_1673": 0.1558140313877511,
    "spectrum_bin_1674": 0.0796049547143763,
    "spectrum_bin_1687": 0.0610804051938897,
    "spectrum_bin_1912": 0.6505472170642842,
    "spectrum_bin_1932": 0.0114991411439779,
    "spectrum_bin_1933": 0.0383007896358885,
    "spectrum_bin_1935": 0.1505358856792436,
    "spectrum_bin_2108": 0.0317395539688328,
    "spectrum_bin_2158": 0.0437969500761023,
    "spectrum_bin_2217": 0.0375811573184486,
    "spectrum_bin_2420": 0.0300070869202372,
    "spectrum_bin_2422": 0.0556279374588655,
    "spectrum_bin_2550": 0.1561254242735244,
    "spectrum_bin_2596": 0.1134251070099778,
    "spectrum_bin_2681": 0.1090055674097744,
    "spectrum_bin_2692": 0.8923472624725111,
    "spectrum_bin_2693": 0.8806702040762511,
    "spectrum_bin_2944": 0.0694164182186887,
    "spectrum_bin_3039": 0.0287176880981844,
    "spectrum_bin_3040": 0.0185669513192954,
    "spectrum_bin_3041": 0.0234890490745245,
    "spectrum_bin_3065": 0.1470807977187505,
    "spectrum_bin_3067": 0.171178463991676,
    "spectrum_bin_3299": 0.3555021442243549,
    "spectrum_bin_3300": 0.4648681945704203,
    "spectrum_bin_3307": 0.0782339096832916,
    "spectrum_bin_3578": 0.0187923383586424,
    "spectrum_bin_3601": 0.0743671738927411,
    "spectrum_bin_4534": 0.0689762519267476,
    "spectrum_bin_4840": 0.0260703015122583
}