{
    "spectrum_bin_110": 0.5644016319633525,
    "spectrum_bin_135": 0.6680760873974098,
    "spectrum_bin_136": 0.7093514906626976,
    "spectrum_bin_143": 1.040384693329085,
    "spectrum_bin_152": 2.0997381733345293,
    "spectrum_bin_166": 1.3727027466402293,
    "spectrum_bin_170": 0.612029191338153,
    "spectrum_bin_171": 1.229111945065568,
    "spectrum_bin_172": 1.280830120397278,
    "spectrum_bin_198": 0.6147816944513658,
    "spectrum_bin_204": 1.500119145801256,
    "spectrum_bin_205": 2.115838789836583,
    "spectrum_bin_209": 0.587885045700014,
    "spectrum_bin_210": 0.7980936756052497,
    "spectrum_bin_211": 1.2116329348400965,
    "spectrum_bin_219": 1.127103635095117,
    "spectrum_bin_263": 0.6379151407758208,
    "spectrum_bin_268": 0.2827517643612721,
    "spectrum_bin_277": 1.403006967346133,
    "spectrum_bin_290": 0.6348287194328187,
    "spectrum_bin_361": 0.1082483783544501,
    "spectrum_bin_362": 0.0480326386278003,
    "spectrum_bin_433": 0.0240464863487093,
    "spectrum_bin_465": 0.0823994964594686,
    "spectrum_bin_490": 0.653537930732429,
    "spectrum_bin_506": 0.3609061981382166,
    "spectrum_bin_537": 0.1706226784755699,
    "spectrum_bin_666": 0.4656464872897768,
    "spectrum_bin_798": 0.7847380542500979,
    "spectrum_bin_813": 0.5512205893893274,
    "spectrum_bin_814": 0.9083383075444448,
    "spectrum_bin_815": 0.8591537501009474,
    "spectrum_bin_833": 0.7986165960040448,
    "spectrum_bin_840": 0.2357570147680285,
    "spectrum_bin_841": 0.2964726311612362,
    "spectrum_bin_842": 0.2754471431318796,
    "spectrum_bin_876": 0.0285047230453444,
    "spectrum_bin_877": 0.030299025943914,
    "spectrum_bin_878": 0.0968269117156338,
    "spectrum_bin_897": 0.1708647668033343,
    "spectrum_bin_918": 0.1342586381718379,
    "spectrum_bin_923": 0.3088607502850529,
    "spectrum_bin_937": 0.367457269659837,
    "spectrum_bin_968": 0.122830983456226,
    "spectrum_bin_1014": 0.7177722844151169,
    "spectrum_bin_1025": 0.3326460854072529,
    "spectrum_bin_1041": 0.0933046961019107,
    "spectrum_bin_1188": 0.1990901174120848,
    "spectrum_bin_1200": 0.1540207432871288,
    "spectrum_bin_1213": 0.1315821648716499,
    "spectrum_bin_1214": 0.0715518368915479,
    "spectrum_bin_1225": 0.1439314256428372,
    "spectrum_bin_1250": 0.1336969812741904,
    "spectrum_bin_1253": 0.1723895678879345,
    "spectrum_bin_1254": 0.1226828415041459,
    "spectrum_bin_1255": 0.058034162201571,
    "spectrum_bin_1317": 0.0785065485553146,
    "spectrum_bin_1388": 0.1596731221136652,
    "spectrum_bin_1457": 0.4596722059567712,
    "spectrum_bin_1569": 0.085410983420487,
    "spectrum_bin_1599": 0.1287686271856543,
    "spectrum_bin_1600": 0.0956155482163723,
    "spectrum_bin_1611": 0.1307089104982217,
    "spectrum_bin_1612": 0.0897525260241537,
    "spectrum_bin_1613": 0.0974904305769114,
    "spectrum_bin_1614": 0.1853631384652983,
    "spectrum_bin_1673": 0.0741656765068636,
    "spectrum_bin_1674": 0.0513673376992186,
    "spectrum_bin_1687": 0.0114473065262728,
    "spectrum_bin_1912": 0.5907591515310516,
    "spectrum_bin_1932": 0.1547638685344305,
    "spectrum_bin_1933": 0.1211109212151,
    "spectrum_bin_1935": 0.2002436011364435,
    "spectrum_bin_2108": 0.1202864767287209,
    "spectrum_bin_2158": 0.167092105685081,
    "spectrum_bin_2217": 0.0459053545196894,
    "spectrum_bin_2420": 0.0547080740253954,
    "spectrum_bin_2422": 0.102283377015938,
    "spectrum_bin_2550": 0.0448697942601321,
    "spectrum_bin_2596": 0.1094260663247085,
    "spectrum_bin_2681": 0.0608900690484406,
    "spectrum_bin_2692": 0.2053257956856201,
    "spectrum_bin_2693": 0.3274693030152811,
    "spectrum_bin_2944": 0.1062548585171613,
    "spectrum_bin_3039": 0.0078525604301726,
    "spectrum_bin_3040": 0.0393168949860508,
    "spectrum_bin_3041": 0.0623276479025476,
    "spectrum_bin_3065": 0.1252750375780985,
    "spectrum_bin_3067": 0.0332660518774657,
    "spectrum_bin_3299": 0.0667780842398826,
    "spectrum_bin_3300": 0.0833037021524011,
    "spectrum_bin_3307": 0.0586465907906249,
    "spectrum_bin_3578": 0.0092614815316448,
    "spectrum_bin_3601": 0.0099982643553794,
    "spectrum_bin_4534": 0.1169167226264325,
    "spectrum_bin_4840": 0.0232784662288067
}