{
    "spectrum_bin_110": 0.7220513436991015,
    "spectrum_bin_135": 0.3230294292898842,
    "spectrum_bin_136": 0.7552207458915353,
    "spectrum_bin_143": 0.1697522214661856,
    "spectrum_bin_152": 0.1635317300454621,
    "spectrum_bin_166": 0.1226314461477691,
    "spectrum_bin_170": 0.1572536501084006,
    "spectrum_bin_171": 0.1031445932070367,
    "spectrum_bin_172": 0.0644965606326772,
    "spectrum_bin_198": 0.2736529652352579,
    "spectrum_bin_204": 0.527821246822789,
    "spectrum_bin_205": 0.3851447291648896,
    "spectrum_bin_209": 0.4705459872832097,
    "spectrum_bin_210": 0.7656474945388803,
    "spectrum_bin_211": 1.5032436062126893,
    "spectrum_bin_219": 0.1214966219021223,
    "spectrum_bin_263": 0.507160507978458,
    "spectrum_bin_268": 0.1957549145572461,
    "spectrum_bin_277": 0.7258472580776565,
    "spectrum_bin_290": 0.4187680412791901,
    "spectrum_bin_361": 0.18135785370243,
    "spectrum_bin_362": 0.0732716688437503,
    "spectrum_bin_433": 0.5019037740080459,
    "spectrum_bin_465": 0.3228861488721753,
    "spectrum_bin_490": 0.3686044959438015,
    "spectrum_bin_506": 0.210522576388186,
    "spectrum_bin_537": 0.1631522604432359,
    "spectrum_bin_666": 0.1755415295020735,
    "spectrum_bin_798": 0.5165987761751254,
    "spectrum_bin_813": 0.5070520595204424,
    "spectrum_bin_814": 0.730113488048205,
    "spectrum_bin_815": 0.6970247310636619,
    "spectrum_bin_833": 0.6884816421043207,
    "spectrum_bin_840": 0.350969360927734,
    "spectrum_bin_841": 0.2889540820273463,
    "spectrum_bin_842": 0.3659790642286736,
    "spectrum_bin_876": 0.1367817347388777,
    "spectrum_bin_877": 0.2320960041987044,
    "spectrum_bin_878": 0.1510349341317813,
    "spectrum_bin_897": 0.2294311184199765,
    "spectrum_bin_918": 0.2482785723518235,
    "spectrum_bin_923": 0.9430450074683948,
    "spectrum_bin_937": 0.2049590364676868,
    "spectrum_bin_968": 0.1027332891232362,
    "spectrum_bin_1014": 0.6098891166413939,
    "spectrum_bin_1025": 0.3220732165264645,
    "spectrum_bin_1041": 0.1338646193503923,
    "spectrum_bin_1188": 0.1054916162861733,
    "spectrum_bin_1200": 0.1769651133415158,
    "spectrum_bin_1213": 0.128634245579089,
    "spectrum_bin_1214": 0.104971202234889,
    "spectrum_bin_1225": 0.208046044036805,
    "spectrum_bin_1250": 0.1392775712723269,
    "spectrum_bin_1253": 0.3293538243651902,
    "spectrum_bin_1254": 0.410495748475111,
    "spectrum_bin_1255": 0.3093382233322737,
    "spectrum_bin_1317": 0.285166498176461,
    "spectrum_bin_1388": 0.2620918603244666,
    "spectrum_bin_1457": 0.4513802868009388,
    "spectrum_bin_1569": 0.0201603355556078,
    "spectrum_bin_1599": 0.0326905393562456,
    "spectrum_bin_1600": 0.0436642162197375,
    "spectrum_bin_1611": 0.3292318109677738,
    "spectrum_bin_1612": 0.4127978600789603,
    "spectrum_bin_1613": 0.5231858940557564,
    "spectrum_bin_1614": 0.5661119906813439,
    "spectrum_bin_1673": 0.2165509059350509,
    "spectrum_bin_1674": 0.1325954511132673,
    "spectrum_bin_1687": 0.1123303237627812,
    "spectrum_bin_1912": 0.3804800607654234,
    "spectrum_bin_1932": 0.0451008880864761,
    "spectrum_bin_1933": 0.0304110383542475,
    "spectrum_bin_1935": 0.3324356259857602,
    "spectrum_bin_2108": 0.1127150186583859,
    "spectrum_bin_2158": 0.0527446622948934,
    "spectrum_bin_2217": 0.1733981280269301,
    "spectrum_bin_2420": 0.0027535969729002,
    "spectrum_bin_2422": 0.0881609198139262,
    "spectrum_bin_2550": 0.0845799128147928,
    "spectrum_bin_2596": 0.18889624230495,
    "spectrum_bin_2681": 0.001864687787571,
    "spectrum_bin_2692": 0.4162600512040236,
    "spectrum_bin_2693": 0.5040386302162179,
    "spectrum_bin_2944": 0.1439504556215785,
    "spectrum_bin_3039": 0.1472944251190731,
    "spectrum_bin_3040": 0.1040074513160814,
    "spectrum_bin_3041": 0.0715194320218031,
    "spectrum_bin_3065": 0.211053619942869,
    "spectrum_bin_3067": 0.2526544492384965,
    "spectrum_bin_3299": 0.1439337229036269,
    "spectrum_bin_3300": 0.1568670414129848,
    "spectrum_bin_3307": 0.033563298744135,
    "spectrum_bin_3578": 0.1437073535598488,
    "spectrum_bin_3601": 0.1133799787963803,
    "spectrum_bin_4534": 0.0392757894173236,
    "spectrum_bin_4840": 0.1320148847523656
}